<?xml version="1.0" encoding="UTF-8"?>
<beans xmlns="http://www.springframework.org/schema/beans"
	xmlns:xsi="http://www.w3.org/2001/XMLSchema-instance" xmlns:context="http://www.springframework.org/schema/context"
	xmlns:tx="http://www.springframework.org/schema/tx"
	xsi:schemaLocation="http://www.springframework.org/schema/beans
	http://www.springframework.org/schema/beans/spring-beans.xsd
	http://www.springframework.org/schema/context
	http://www.springframework.org/schema/context/spring-context.xsd
	http://www.springframework.org/schema/tx
	http://www.springframework.org/schema/tx/spring-tx.xsd">
	
	<context:component-scan
		base-package="com.lti.controller, com.lti.service, com.lti.repository" />

	<!-- Enabling support for File Upload in Spring MVC -->
	<bean id="multipartResolver"
		class="org.springframework.web.multipart.commons.CommonsMultipartResolver">
		<property name="maxUploadSizePerFile" value="52428800" />
	</bean>

	<!-- This Bean is for Email configuration -->
	<bean id="mailSender" class="org.springframework.mail.javamail.JavaMailSenderImpl">
		<property name="host" value="smtp.office365.com" />
		<property name="port" value="587" />
		<property name="username" value="Enter Your Outlook MailId" />
		<property name="password" value="Enter Your Outlook Password" />
		<property name="javaMailProperties">
			<props>
				<prop key="mail.transport.protocol">smtp</prop>
				<prop key="mail.smtp.auth">true</prop>
				<prop key="mail.smtp.starttls.enable">true</prop>
				<prop key="mail.debug">true</prop>
				<prop key="mail.smtp.connecttimeout">50000</prop>
				<prop key="mail.smtp.timeout">30000</prop>
				<prop key="mail.smtp.writetimeout">50000</prop>
			</props>
		</property>
	</bean>

	<bean id="preConfiguredMessage" class="org.springframework.mail.SimpleMailMessage">
		<property name="from" value="Enter Your Outlook MailId"></property>
	</bean>
	<!-- email config ends -->

	<!-- Data Source Configuration -->
	<bean id="dataSource" class="org.apache.commons.dbcp2.BasicDataSource"
		destroy-method="close">
		<property name="driverClassName" value="oracle.jdbc.driver.OracleDriver" />
		<property name="url" value="jdbc:oracle:thin:@localhost:1521:xe" />
		<property name="username" value="hr" />
		<property name="password" value="hr" />
	</bean>

	<!-- this configuration below will help us create the entitymanagerfactory 
		and entitymanager objects. also there is no need to create a seperate 
		META-INF/persistence.xml file, all ORM specific settings can be done 
		within this bean configuration itself -->

	<bean id="myEmf"
		class="org.springframework.orm.jpa.LocalContainerEntityManagerFactoryBean">
		<property name="dataSource" ref="dataSource" />
		<property name="packagesToScan" value="com.lti.entity" /> <!-- Location of @Entity classes -->
		<property name="jpaVendorAdapter">
			<bean class="org.springframework.orm.jpa.vendor.HibernateJpaVendorAdapter" />
		</property>
		<property name="jpaProperties">
			<props>
				<prop key="hibernate.show_sql">true</prop>
				 <prop key="hibernate.hbm2.ddl">update</prop> <!-- Show_sql will display the query on the console -->
			</props>
		</property>
	</bean>
	<!-- Providing support for transaction management -->
	<bean id="transactionManager" class="org.springframework.orm.jpa.JpaTransactionManager">
		<property name="entityManagerFactory" ref="myEmf" />
	</bean>
	<tx:annotation-driven />	
</beans>